"Query","Custom","FileName","Line","Column","NodeId","Name","DestFileName","DestLine","DestColumn","DestNodeId","DestName","Result State","Result Severity","Assigned To","Comment","Link","Result Status"
"Improper Verification Of Intent By Broadcast Receiver","","/android-adbm-0.8.3/src/com/matoski/adbm/receiver/BootCompleteReceiver.java","22","48","1","intent","/android-adbm-0.8.3/src/com/matoski/adbm/receiver/BootCompleteReceiver.java","22","48","1","intent","等待确认","中风险","","","http://WIN-UA70U9I0J80/CxWebClient/ViewerMain.aspx?scanid=138&projectid=73&pathid=3","新的"
"Improper Verification Of Intent By Broadcast Receiver","","/android-adbm-0.8.3/src/com/matoski/adbm/receiver/MyStartServiceReceiver.java","12","48","1","intent","/android-adbm-0.8.3/src/com/matoski/adbm/receiver/MyStartServiceReceiver.java","12","48","1","intent","等待确认","中风险","","","http://WIN-UA70U9I0J80/CxWebClient/ViewerMain.aspx?scanid=138&projectid=73&pathid=4","新的"
"Failure To Implement Least Privilege","","/android-adbm-0.8.3/AndroidManifest.xml","20","341","1","""""android.permission.INTERNET""""","/android-adbm-0.8.3/AndroidManifest.xml","20","341","1","""""android.permission.INTERNET""""","等待确认","中风险","","","http://WIN-UA70U9I0J80/CxWebClient/ViewerMain.aspx?scanid=138&projectid=73&pathid=2","新的"
"Improper Exception Handling","","/android-adbm-0.8.3/src/com/matoski/adbm/activity/MainActivity.java","199","37","1","getProperty","/android-adbm-0.8.3/src/com/matoski/adbm/activity/MainActivity.java","199","37","1","getProperty","等待确认","低风险","","","http://WIN-UA70U9I0J80/CxWebClient/ViewerMain.aspx?scanid=138&projectid=73&pathid=157","新的"
"Improper Exception Handling","","/android-adbm-0.8.3/src/com/matoski/adbm/activity/ListViewCheckboxesActivity.java","82","31","1","getString","/android-adbm-0.8.3/src/com/matoski/adbm/activity/ListViewCheckboxesActivity.java","82","31","1","getString","等待确认","低风险","","","http://WIN-UA70U9I0J80/CxWebClient/ViewerMain.aspx?scanid=138&projectid=73&pathid=158","新的"
"Improper Exception Handling","","/android-adbm-0.8.3/src/com/matoski/adbm/activity/MainActivity.java","410","37","1","getString","/android-adbm-0.8.3/src/com/matoski/adbm/activity/MainActivity.java","410","37","1","getString","等待确认","低风险","","","http://WIN-UA70U9I0J80/CxWebClient/ViewerMain.aspx?scanid=138&projectid=73&pathid=159","新的"
"Improper Exception Handling","","/android-adbm-0.8.3/src/com/matoski/adbm/activity/MyPreferencesActivity.java","193","39","1","getString","/android-adbm-0.8.3/src/com/matoski/adbm/activity/MyPreferencesActivity.java","193","39","1","getString","等待确认","低风险","","","http://WIN-UA70U9I0J80/CxWebClient/ViewerMain.aspx?scanid=138&projectid=73&pathid=160","新的"
"Improper Exception Handling","","/android-adbm-0.8.3/src/com/matoski/adbm/service/ManagerService.java","204","31","1","getString","/android-adbm-0.8.3/src/com/matoski/adbm/service/ManagerService.java","204","31","1","getString","等待确认","低风险","","","http://WIN-UA70U9I0J80/CxWebClient/ViewerMain.aspx?scanid=138&projectid=73&pathid=161","新的"
"Improper Resource Shutdown or Release","","/android-adbm-0.8.3/src/eu/chainfire/libsuperuser/Shell.java","873","5","1","STDIN","/android-adbm-0.8.3/src/eu/chainfire/libsuperuser/Shell.java","735","18","9","flush","等待确认","低风险","","","http://WIN-UA70U9I0J80/CxWebClient/ViewerMain.aspx?scanid=138&projectid=73&pathid=153","新的"
"Improper Resource Shutdown or Release","","/android-adbm-0.8.3/src/eu/chainfire/libsuperuser/Shell.java","873","5","1","STDIN","/android-adbm-0.8.3/src/eu/chainfire/libsuperuser/Shell.java","734","23","8","writeBytes","等待确认","低风险","","","http://WIN-UA70U9I0J80/CxWebClient/ViewerMain.aspx?scanid=138&projectid=73&pathid=154","新的"
"Improper Resource Shutdown or Release","","/android-adbm-0.8.3/src/eu/chainfire/libsuperuser/Shell.java","873","5","1","STDIN","/android-adbm-0.8.3/src/eu/chainfire/libsuperuser/Shell.java","733","23","7","writeBytes","等待确认","低风险","","","http://WIN-UA70U9I0J80/CxWebClient/ViewerMain.aspx?scanid=138&projectid=73&pathid=155","新的"
"Improper Resource Shutdown or Release","","/android-adbm-0.8.3/src/eu/chainfire/libsuperuser/Shell.java","873","5","1","STDIN","/android-adbm-0.8.3/src/eu/chainfire/libsuperuser/Shell.java","731","24","7","writeBytes","等待确认","低风险","","","http://WIN-UA70U9I0J80/CxWebClient/ViewerMain.aspx?scanid=138&projectid=73&pathid=156","新的"
"Information Exposure Through an Error Message","","/android-adbm-0.8.3/src/com/matoski/adbm/util/NetworkUtil.java","58","28","1","ex","/android-adbm-0.8.3/src/com/matoski/adbm/util/NetworkUtil.java","59","9","4","e","等待确认","低风险","","","http://WIN-UA70U9I0J80/CxWebClient/ViewerMain.aspx?scanid=138&projectid=73&pathid=162","新的"
"Information Exposure Through an Error Message","","/android-adbm-0.8.3/src/com/matoski/adbm/util/PreferenceUtil.java","22","22","1","e","/android-adbm-0.8.3/src/com/matoski/adbm/util/PreferenceUtil.java","23","9","4","e","等待确认","低风险","","","http://WIN-UA70U9I0J80/CxWebClient/ViewerMain.aspx?scanid=138&projectid=73&pathid=163","新的"
"Information Exposure Through an Error Message","","/android-adbm-0.8.3/src/com/matoski/adbm/util/RootCommandUtil.java","35","22","1","e","/android-adbm-0.8.3/src/com/matoski/adbm/util/RootCommandUtil.java","36","9","4","e","等待确认","低风险","","","http://WIN-UA70U9I0J80/CxWebClient/ViewerMain.aspx?scanid=138&projectid=73&pathid=164","新的"
"Information Exposure Through an Error Message","","/android-adbm-0.8.3/src/com/matoski/adbm/util/RootCommandUtil.java","44","23","1","e","/android-adbm-0.8.3/src/com/matoski/adbm/util/RootCommandUtil.java","45","10","4","e","等待确认","低风险","","","http://WIN-UA70U9I0J80/CxWebClient/ViewerMain.aspx?scanid=138&projectid=73&pathid=165","新的"
"Non Encrypted Data Storage","","/android-adbm-0.8.3/src/com/matoski/adbm/activity/ListViewCheckboxesActivity.java","62","6","1","data","/android-adbm-0.8.3/src/com/matoski/adbm/activity/ListViewCheckboxesActivity.java","63","34","3","putString","等待确认","低风险","","","http://WIN-UA70U9I0J80/CxWebClient/ViewerMain.aspx?scanid=138&projectid=73&pathid=92","新的"
"Non Encrypted Data Storage","","/android-adbm-0.8.3/src/com/matoski/adbm/activity/ListViewCheckboxesActivity.java","62","25","1","objects","/android-adbm-0.8.3/src/com/matoski/adbm/activity/ListViewCheckboxesActivity.java","63","34","5","putString","等待确认","低风险","","","http://WIN-UA70U9I0J80/CxWebClient/ViewerMain.aspx?scanid=138&projectid=73&pathid=93","新的"
"Non Encrypted Data Storage","","/android-adbm-0.8.3/src/com/matoski/adbm/activity/ListViewCheckboxesActivity.java","62","34","1","gsonType","/android-adbm-0.8.3/src/com/matoski/adbm/activity/ListViewCheckboxesActivity.java","63","34","5","putString","等待确认","低风险","","","http://WIN-UA70U9I0J80/CxWebClient/ViewerMain.aspx?scanid=138&projectid=73&pathid=94","新的"
"Use Of getenv","","/android-adbm-0.8.3/src/eu/chainfire/libsuperuser/Shell.java","108","40","1","getenv","/android-adbm-0.8.3/src/eu/chainfire/libsuperuser/Shell.java","108","40","1","getenv","等待确认","低风险","","","http://WIN-UA70U9I0J80/CxWebClient/ViewerMain.aspx?scanid=138&projectid=73&pathid=90","新的"
"Use Of getenv","","/android-adbm-0.8.3/src/eu/chainfire/libsuperuser/Shell.java","862","41","1","getenv","/android-adbm-0.8.3/src/eu/chainfire/libsuperuser/Shell.java","862","41","1","getenv","等待确认","低风险","","","http://WIN-UA70U9I0J80/CxWebClient/ViewerMain.aspx?scanid=138&projectid=73&pathid=91","新的"
"Integer Overflow","","/android-adbm-0.8.3/src/com/matoski/adbm/activity/MainActivity.java","199","37","1","getProperty","/android-adbm-0.8.3/src/com/matoski/adbm/activity/MainActivity.java","148","14","15","scrollAmount","等待确认","低风险","","","http://WIN-UA70U9I0J80/CxWebClient/ViewerMain.aspx?scanid=138&projectid=73&pathid=75","新的"
"Integer Underflow","","/android-adbm-0.8.3/src/com/matoski/adbm/activity/MainActivity.java","199","37","1","getProperty","/android-adbm-0.8.3/src/com/matoski/adbm/activity/MainActivity.java","148","14","15","scrollAmount","等待确认","低风险","","","http://WIN-UA70U9I0J80/CxWebClient/ViewerMain.aspx?scanid=138&projectid=73&pathid=76","新的"
"Passing Non Encrypted Data Between Activities","","/android-adbm-0.8.3/src/com/matoski/adbm/util/ServiceUtil.java","90","41","1","action","/android-adbm-0.8.3/src/com/matoski/adbm/util/ServiceUtil.java","95","26","4","putExtra","等待确认","低风险","","","http://WIN-UA70U9I0J80/CxWebClient/ViewerMain.aspx?scanid=138&projectid=73&pathid=95","新的"
"Unused Variable","","/android-adbm-0.8.3/src/com/matoski/adbm/activity/MainActivity.java","236","23","1","e","/android-adbm-0.8.3/src/com/matoski/adbm/activity/MainActivity.java","236","23","1","e","等待确认","信息","","","http://WIN-UA70U9I0J80/CxWebClient/ViewerMain.aspx?scanid=138&projectid=73&pathid=18","新的"
"Unused Variable","","/android-adbm-0.8.3/src/com/matoski/adbm/activity/MyPreferencesActivity.java","76","17","1","context","/android-adbm-0.8.3/src/com/matoski/adbm/activity/MyPreferencesActivity.java","76","17","1","context","等待确认","信息","","","http://WIN-UA70U9I0J80/CxWebClient/ViewerMain.aspx?scanid=138&projectid=73&pathid=19","新的"
"Unused Variable","","/android-adbm-0.8.3/src/com/matoski/adbm/receiver/BootCompleteReceiver.java","30","22","1","e","/android-adbm-0.8.3/src/com/matoski/adbm/receiver/BootCompleteReceiver.java","30","22","1","e","等待确认","信息","","","http://WIN-UA70U9I0J80/CxWebClient/ViewerMain.aspx?scanid=138&projectid=73&pathid=20","新的"
"Unused Variable","","/android-adbm-0.8.3/src/com/matoski/adbm/receiver/BootCompleteReceiver.java","38","22","1","e","/android-adbm-0.8.3/src/com/matoski/adbm/receiver/BootCompleteReceiver.java","38","22","1","e","等待确认","信息","","","http://WIN-UA70U9I0J80/CxWebClient/ViewerMain.aspx?scanid=138&projectid=73&pathid=21","新的"
"Unused Variable","","/android-adbm-0.8.3/src/com/matoski/adbm/receiver/BootCompleteReceiver.java","46","22","1","e","/android-adbm-0.8.3/src/com/matoski/adbm/receiver/BootCompleteReceiver.java","46","22","1","e","等待确认","信息","","","http://WIN-UA70U9I0J80/CxWebClient/ViewerMain.aspx?scanid=138&projectid=73&pathid=22","新的"
"Unused Variable","","/android-adbm-0.8.3/src/eu/chainfire/libsuperuser/Application.java","45","18","1","c","/android-adbm-0.8.3/src/eu/chainfire/libsuperuser/Application.java","45","18","1","c","等待确认","信息","","","http://WIN-UA70U9I0J80/CxWebClient/ViewerMain.aspx?scanid=138&projectid=73&pathid=23","新的"
"Unused Variable","","/android-adbm-0.8.3/src/eu/chainfire/libsuperuser/Application.java","46","17","1","m","/android-adbm-0.8.3/src/eu/chainfire/libsuperuser/Application.java","46","17","1","m","等待确认","信息","","","http://WIN-UA70U9I0J80/CxWebClient/ViewerMain.aspx?scanid=138&projectid=73&pathid=24","新的"
"Unused Variable","","/android-adbm-0.8.3/src/eu/chainfire/libsuperuser/Shell.java","159","24","1","e","/android-adbm-0.8.3/src/eu/chainfire/libsuperuser/Shell.java","159","24","1","e","等待确认","信息","","","http://WIN-UA70U9I0J80/CxWebClient/ViewerMain.aspx?scanid=138&projectid=73&pathid=25","新的"
"Unused Variable","","/android-adbm-0.8.3/src/eu/chainfire/libsuperuser/Shell.java","162","33","1","e","/android-adbm-0.8.3/src/eu/chainfire/libsuperuser/Shell.java","162","33","1","e","等待确认","信息","","","http://WIN-UA70U9I0J80/CxWebClient/ViewerMain.aspx?scanid=138&projectid=73&pathid=26","新的"
"Unused Variable","","/android-adbm-0.8.3/src/eu/chainfire/libsuperuser/Shell.java","758","27","1","fBuffer","/android-adbm-0.8.3/src/eu/chainfire/libsuperuser/Shell.java","758","27","1","fBuffer","等待确认","信息","","","http://WIN-UA70U9I0J80/CxWebClient/ViewerMain.aspx?scanid=138&projectid=73&pathid=27","新的"
"Unused Variable","","/android-adbm-0.8.3/src/eu/chainfire/libsuperuser/Shell.java","759","18","1","fExitCode","/android-adbm-0.8.3/src/eu/chainfire/libsuperuser/Shell.java","759","18","1","fExitCode","等待确认","信息","","","http://WIN-UA70U9I0J80/CxWebClient/ViewerMain.aspx?scanid=138&projectid=73&pathid=28","新的"
"Unused Variable","","/android-adbm-0.8.3/src/eu/chainfire/libsuperuser/Shell.java","760","22","1","fCommand","/android-adbm-0.8.3/src/eu/chainfire/libsuperuser/Shell.java","760","22","1","fCommand","等待确认","信息","","","http://WIN-UA70U9I0J80/CxWebClient/ViewerMain.aspx?scanid=138&projectid=73&pathid=29","新的"
"Unused Variable","","/android-adbm-0.8.3/src/eu/chainfire/libsuperuser/Shell.java","795","19","1","fLine","/android-adbm-0.8.3/src/eu/chainfire/libsuperuser/Shell.java","795","19","1","fLine","等待确认","信息","","","http://WIN-UA70U9I0J80/CxWebClient/ViewerMain.aspx?scanid=138&projectid=73&pathid=30","新的"
"Unused Variable","","/android-adbm-0.8.3/src/eu/chainfire/libsuperuser/Shell.java","796","27","1","fListener","/android-adbm-0.8.3/src/eu/chainfire/libsuperuser/Shell.java","796","27","1","fListener","等待确认","信息","","","http://WIN-UA70U9I0J80/CxWebClient/ViewerMain.aspx?scanid=138&projectid=73&pathid=31","新的"
"Unused Variable","","/android-adbm-0.8.3/src/eu/chainfire/libsuperuser/Shell.java","913","25","1","e","/android-adbm-0.8.3/src/eu/chainfire/libsuperuser/Shell.java","913","25","1","e","等待确认","信息","","","http://WIN-UA70U9I0J80/CxWebClient/ViewerMain.aspx?scanid=138&projectid=73&pathid=32","新的"
"Unused Variable","","/android-adbm-0.8.3/src/eu/chainfire/libsuperuser/Shell.java","1032","37","1","e","/android-adbm-0.8.3/src/eu/chainfire/libsuperuser/Shell.java","1032","37","1","e","等待确认","信息","","","http://WIN-UA70U9I0J80/CxWebClient/ViewerMain.aspx?scanid=138&projectid=73&pathid=33","新的"
"Unused Variable","","/android-adbm-0.8.3/src/eu/chainfire/libsuperuser/Shell.java","1053","38","1","e","/android-adbm-0.8.3/src/eu/chainfire/libsuperuser/Shell.java","1053","38","1","e","等待确认","信息","","","http://WIN-UA70U9I0J80/CxWebClient/ViewerMain.aspx?scanid=138&projectid=73&pathid=34","新的"
"Unused Variable","","/android-adbm-0.8.3/src/com/matoski/adbm/activity/ListViewCheckboxesActivity.java","72","29","1","v","/android-adbm-0.8.3/src/com/matoski/adbm/activity/ListViewCheckboxesActivity.java","72","29","1","v","等待确认","信息","","","http://WIN-UA70U9I0J80/CxWebClient/ViewerMain.aspx?scanid=138&projectid=73&pathid=35","新的"
"Unused Variable","","/android-adbm-0.8.3/src/com/matoski/adbm/activity/ListViewCheckboxesActivity.java","58","29","1","v","/android-adbm-0.8.3/src/com/matoski/adbm/activity/ListViewCheckboxesActivity.java","58","29","1","v","等待确认","信息","","","http://WIN-UA70U9I0J80/CxWebClient/ViewerMain.aspx?scanid=138&projectid=73&pathid=36","新的"
"Unused Variable","","/android-adbm-0.8.3/src/com/matoski/adbm/activity/MainActivity.java","265","49","1","event","/android-adbm-0.8.3/src/com/matoski/adbm/activity/MainActivity.java","265","49","1","event","等待确认","信息","","","http://WIN-UA70U9I0J80/CxWebClient/ViewerMain.aspx?scanid=138&projectid=73&pathid=37","新的"
"Unused Variable","","/android-adbm-0.8.3/src/com/matoski/adbm/activity/MainActivity.java","108","48","1","name","/android-adbm-0.8.3/src/com/matoski/adbm/activity/MainActivity.java","108","48","1","name","等待确认","信息","","","http://WIN-UA70U9I0J80/CxWebClient/ViewerMain.aspx?scanid=138&projectid=73&pathid=38","新的"
"Unused Variable","","/android-adbm-0.8.3/src/com/matoski/adbm/activity/MainActivity.java","121","51","1","name","/android-adbm-0.8.3/src/com/matoski/adbm/activity/MainActivity.java","121","51","1","name","等待确认","信息","","","http://WIN-UA70U9I0J80/CxWebClient/ViewerMain.aspx?scanid=138&projectid=73&pathid=39","新的"
"Unused Variable","","/android-adbm-0.8.3/src/com/matoski/adbm/activity/MyPreferencesActivity.java","122","50","1","preference","/android-adbm-0.8.3/src/com/matoski/adbm/activity/MyPreferencesActivity.java","122","50","1","preference","等待确认","信息","","","http://WIN-UA70U9I0J80/CxWebClient/ViewerMain.aspx?scanid=138&projectid=73&pathid=40","新的"
"Unused Variable","","/android-adbm-0.8.3/src/com/matoski/adbm/activity/MyPreferencesActivity.java","143","16","1","which","/android-adbm-0.8.3/src/com/matoski/adbm/activity/MyPreferencesActivity.java","143","16","1","which","等待确认","信息","","","http://WIN-UA70U9I0J80/CxWebClient/ViewerMain.aspx?scanid=138&projectid=73&pathid=41","新的"
"Unused Variable","","/android-adbm-0.8.3/src/com/matoski/adbm/activity/MyPreferencesActivity.java","133","16","1","which","/android-adbm-0.8.3/src/com/matoski/adbm/activity/MyPreferencesActivity.java","133","16","1","which","等待确认","信息","","","http://WIN-UA70U9I0J80/CxWebClient/ViewerMain.aspx?scanid=138&projectid=73&pathid=42","新的"
"Unused Variable","","/android-adbm-0.8.3/src/com/matoski/adbm/activity/MyPreferencesActivity.java","111","50","1","preference","/android-adbm-0.8.3/src/com/matoski/adbm/activity/MyPreferencesActivity.java","111","50","1","preference","等待确认","信息","","","http://WIN-UA70U9I0J80/CxWebClient/ViewerMain.aspx?scanid=138&projectid=73&pathid=43","新的"
"Unused Variable","","/android-adbm-0.8.3/src/com/matoski/adbm/activity/MyPreferencesActivity.java","99","21","1","preference","/android-adbm-0.8.3/src/com/matoski/adbm/activity/MyPreferencesActivity.java","99","21","1","preference","等待确认","信息","","","http://WIN-UA70U9I0J80/CxWebClient/ViewerMain.aspx?scanid=138&projectid=73&pathid=44","新的"
"Unused Variable","","/android-adbm-0.8.3/src/com/matoski/adbm/activity/MyPreferencesActivity.java","99","40","1","newValue","/android-adbm-0.8.3/src/com/matoski/adbm/activity/MyPreferencesActivity.java","99","40","1","newValue","等待确认","信息","","","http://WIN-UA70U9I0J80/CxWebClient/ViewerMain.aspx?scanid=138&projectid=73&pathid=45","新的"
"Unused Variable","","/android-adbm-0.8.3/src/com/matoski/adbm/activity/MyPreferencesActivity.java","84","21","1","preference","/android-adbm-0.8.3/src/com/matoski/adbm/activity/MyPreferencesActivity.java","84","21","1","preference","等待确认","信息","","","http://WIN-UA70U9I0J80/CxWebClient/ViewerMain.aspx?scanid=138&projectid=73&pathid=46","新的"
"Unused Variable","","/android-adbm-0.8.3/src/com/matoski/adbm/activity/MyPreferencesActivity.java","40","51","1","name","/android-adbm-0.8.3/src/com/matoski/adbm/activity/MyPreferencesActivity.java","40","51","1","name","等待确认","信息","","","http://WIN-UA70U9I0J80/CxWebClient/ViewerMain.aspx?scanid=138&projectid=73&pathid=47","新的"
"Unused Variable","","/android-adbm-0.8.3/src/com/matoski/adbm/activity/MyPreferencesActivity.java","45","48","1","name","/android-adbm-0.8.3/src/com/matoski/adbm/activity/MyPreferencesActivity.java","45","48","1","name","等待确认","信息","","","http://WIN-UA70U9I0J80/CxWebClient/ViewerMain.aspx?scanid=138&projectid=73&pathid=48","新的"
"Unused Variable","","/android-adbm-0.8.3/src/com/matoski/adbm/adapter/InteractiveArrayAdapter.java","32","64","1","parent","/android-adbm-0.8.3/src/com/matoski/adbm/adapter/InteractiveArrayAdapter.java","32","64","1","parent","等待确认","信息","","","http://WIN-UA70U9I0J80/CxWebClient/ViewerMain.aspx?scanid=138&projectid=73&pathid=49","新的"
"Unused Variable","","/android-adbm-0.8.3/src/com/matoski/adbm/adapter/InteractiveArrayAdapter.java","44","17","1","isChecked","/android-adbm-0.8.3/src/com/matoski/adbm/adapter/InteractiveArrayAdapter.java","44","17","1","isChecked","等待确认","信息","","","http://WIN-UA70U9I0J80/CxWebClient/ViewerMain.aspx?scanid=138&projectid=73&pathid=50","新的"
"Unused Variable","","/android-adbm-0.8.3/src/com/matoski/adbm/receiver/BootCompleteReceiver.java","22","48","1","intent","/android-adbm-0.8.3/src/com/matoski/adbm/receiver/BootCompleteReceiver.java","22","48","1","intent","等待确认","信息","","","http://WIN-UA70U9I0J80/CxWebClient/ViewerMain.aspx?scanid=138&projectid=73&pathid=51","新的"
"Unused Variable","","/android-adbm-0.8.3/src/com/matoski/adbm/receiver/MyStartServiceReceiver.java","12","48","1","intent","/android-adbm-0.8.3/src/com/matoski/adbm/receiver/MyStartServiceReceiver.java","12","48","1","intent","等待确认","信息","","","http://WIN-UA70U9I0J80/CxWebClient/ViewerMain.aspx?scanid=138&projectid=73&pathid=52","新的"
"Unused Variable","","/android-adbm-0.8.3/src/com/matoski/adbm/service/ManagerService.java","353","47","1","flags","/android-adbm-0.8.3/src/com/matoski/adbm/service/ManagerService.java","353","47","1","flags","等待确认","信息","","","http://WIN-UA70U9I0J80/CxWebClient/ViewerMain.aspx?scanid=138&projectid=73&pathid=53","新的"
"Unused Variable","","/android-adbm-0.8.3/src/com/matoski/adbm/service/ManagerService.java","353","58","1","startId","/android-adbm-0.8.3/src/com/matoski/adbm/service/ManagerService.java","353","58","1","startId","等待确认","信息","","","http://WIN-UA70U9I0J80/CxWebClient/ViewerMain.aspx?scanid=138&projectid=73&pathid=54","新的"
"Unused Variable","","/android-adbm-0.8.3/src/com/matoski/adbm/tasks/NetworkStatusChecker.java","17","40","1","params","/android-adbm-0.8.3/src/com/matoski/adbm/tasks/NetworkStatusChecker.java","17","40","1","params","等待确认","信息","","","http://WIN-UA70U9I0J80/CxWebClient/ViewerMain.aspx?scanid=138&projectid=73&pathid=55","新的"
"Unused Variable","","/android-adbm-0.8.3/src/com/matoski/adbm/util/RootCommandUtil.java","15","41","1","commands","/android-adbm-0.8.3/src/com/matoski/adbm/util/RootCommandUtil.java","15","41","1","commands","等待确认","信息","","","http://WIN-UA70U9I0J80/CxWebClient/ViewerMain.aspx?scanid=138&projectid=73&pathid=56","新的"
"Unused Variable","","/android-adbm-0.8.3/src/com/matoski/adbm/pojo/IP.java","13","7","1","ipv6","/android-adbm-0.8.3/src/com/matoski/adbm/pojo/IP.java","13","7","1","ipv6","等待确认","信息","","","http://WIN-UA70U9I0J80/CxWebClient/ViewerMain.aspx?scanid=138&projectid=73&pathid=57","新的"
"Unused Variable","","/android-adbm-0.8.3/src/eu/chainfire/libsuperuser/Shell.java","356","19","1","autoHandler","/android-adbm-0.8.3/src/eu/chainfire/libsuperuser/Shell.java","356","19","1","autoHandler","等待确认","信息","","","http://WIN-UA70U9I0J80/CxWebClient/ViewerMain.aspx?scanid=138&projectid=73&pathid=58","新的"
"Unused Variable","","/android-adbm-0.8.3/src/eu/chainfire/libsuperuser/Shell.java","357","18","1","shell","/android-adbm-0.8.3/src/eu/chainfire/libsuperuser/Shell.java","357","18","1","shell","等待确认","信息","","","http://WIN-UA70U9I0J80/CxWebClient/ViewerMain.aspx?scanid=138&projectid=73&pathid=59","新的"
"Unused Variable","","/android-adbm-0.8.3/src/eu/chainfire/libsuperuser/Shell.java","358","19","1","wantSTDERR","/android-adbm-0.8.3/src/eu/chainfire/libsuperuser/Shell.java","358","19","1","wantSTDERR","等待确认","信息","","","http://WIN-UA70U9I0J80/CxWebClient/ViewerMain.aspx?scanid=138&projectid=73&pathid=60","新的"
"Unused Variable","","/android-adbm-0.8.3/src/com/matoski/adbm/service/ManagerService.java","134","4","1","bNetworkADBStatus","/android-adbm-0.8.3/src/com/matoski/adbm/service/ManagerService.java","134","4","1","bNetworkADBStatus","等待确认","信息","","","http://WIN-UA70U9I0J80/CxWebClient/ViewerMain.aspx?scanid=138&projectid=73&pathid=61","新的"
"Unused Variable","","/android-adbm-0.8.3/src/com/matoski/adbm/service/ManagerService.java","135","4","1","mAdbState","/android-adbm-0.8.3/src/com/matoski/adbm/service/ManagerService.java","135","4","1","mAdbState","等待确认","信息","","","http://WIN-UA70U9I0J80/CxWebClient/ViewerMain.aspx?scanid=138&projectid=73&pathid=62","新的"
"Unused Variable","","/android-adbm-0.8.3/src/com/matoski/adbm/service/ManagerService.java","156","4","1","bNetworkADBStatus","/android-adbm-0.8.3/src/com/matoski/adbm/service/ManagerService.java","156","4","1","bNetworkADBStatus","等待确认","信息","","","http://WIN-UA70U9I0J80/CxWebClient/ViewerMain.aspx?scanid=138&projectid=73&pathid=63","新的"
"Unused Variable","","/android-adbm-0.8.3/src/com/matoski/adbm/service/ManagerService.java","157","4","1","mAdbState","/android-adbm-0.8.3/src/com/matoski/adbm/service/ManagerService.java","157","4","1","mAdbState","等待确认","信息","","","http://WIN-UA70U9I0J80/CxWebClient/ViewerMain.aspx?scanid=138&projectid=73&pathid=64","新的"
"Unused Variable","","/android-adbm-0.8.3/src/com/matoski/adbm/service/ManagerService.java","183","4","1","bNetworkADBStatus","/android-adbm-0.8.3/src/com/matoski/adbm/service/ManagerService.java","183","4","1","bNetworkADBStatus","等待确认","信息","","","http://WIN-UA70U9I0J80/CxWebClient/ViewerMain.aspx?scanid=138&projectid=73&pathid=65","新的"
"Unused Variable","","/android-adbm-0.8.3/src/com/matoski/adbm/service/ManagerService.java","184","4","1","mAdbState","/android-adbm-0.8.3/src/com/matoski/adbm/service/ManagerService.java","184","4","1","mAdbState","等待确认","信息","","","http://WIN-UA70U9I0J80/CxWebClient/ViewerMain.aspx?scanid=138&projectid=73&pathid=66","新的"
"Unused Variable","","/android-adbm-0.8.3/src/com/matoski/adbm/util/NetworkUtil.java","18","35","1","addr","/android-adbm-0.8.3/src/com/matoski/adbm/util/NetworkUtil.java","18","35","1","addr","等待确认","信息","","","http://WIN-UA70U9I0J80/CxWebClient/ViewerMain.aspx?scanid=138&projectid=73&pathid=67","新的"
"Unused Variable","","/android-adbm-0.8.3/src/com/matoski/adbm/util/NetworkUtil.java","19","9","1","addr","/android-adbm-0.8.3/src/com/matoski/adbm/util/NetworkUtil.java","19","9","1","addr","等待确认","信息","","","http://WIN-UA70U9I0J80/CxWebClient/ViewerMain.aspx?scanid=138&projectid=73&pathid=68","新的"
"Unused Variable","","/android-adbm-0.8.3/src/com/matoski/adbm/util/NetworkUtil.java","19","40","1","addr","/android-adbm-0.8.3/src/com/matoski/adbm/util/NetworkUtil.java","19","40","1","addr","等待确认","信息","","","http://WIN-UA70U9I0J80/CxWebClient/ViewerMain.aspx?scanid=138&projectid=73&pathid=69","新的"
"Unused Variable","","/android-adbm-0.8.3/src/eu/chainfire/libsuperuser/Shell.java","604","4","1","shell","/android-adbm-0.8.3/src/eu/chainfire/libsuperuser/Shell.java","604","4","1","shell","等待确认","信息","","","http://WIN-UA70U9I0J80/CxWebClient/ViewerMain.aspx?scanid=138&projectid=73&pathid=70","新的"
"Unused Variable","","/android-adbm-0.8.3/src/eu/chainfire/libsuperuser/Shell.java","608","4","1","onSTDOUTLineListener","/android-adbm-0.8.3/src/eu/chainfire/libsuperuser/Shell.java","608","4","1","onSTDOUTLineListener","等待确认","信息","","","http://WIN-UA70U9I0J80/CxWebClient/ViewerMain.aspx?scanid=138&projectid=73&pathid=71","新的"
"Unused Variable","","/android-adbm-0.8.3/src/eu/chainfire/libsuperuser/Shell.java","609","4","1","onSTDERRLineListener","/android-adbm-0.8.3/src/eu/chainfire/libsuperuser/Shell.java","609","4","1","onSTDERRLineListener","等待确认","信息","","","http://WIN-UA70U9I0J80/CxWebClient/ViewerMain.aspx?scanid=138&projectid=73&pathid=72","新的"
"Incorrect Block Delimitation","","/android-adbm-0.8.3/src/eu/chainfire/libsuperuser/Application.java","38","3","1","if","/android-adbm-0.8.3/src/eu/chainfire/libsuperuser/Application.java","38","3","1","if","等待确认","信息","","","http://WIN-UA70U9I0J80/CxWebClient/ViewerMain.aspx?scanid=138&projectid=73&pathid=133","新的"
"Incorrect Block Delimitation","","/android-adbm-0.8.3/src/eu/chainfire/libsuperuser/Shell.java","133","5","1","if","/android-adbm-0.8.3/src/eu/chainfire/libsuperuser/Shell.java","133","5","1","if","等待确认","信息","","","http://WIN-UA70U9I0J80/CxWebClient/ViewerMain.aspx?scanid=138&projectid=73&pathid=134","新的"
"Incorrect Block Delimitation","","/android-adbm-0.8.3/src/eu/chainfire/libsuperuser/Shell.java","167","3","1","if","/android-adbm-0.8.3/src/eu/chainfire/libsuperuser/Shell.java","167","3","1","if","等待确认","信息","","","http://WIN-UA70U9I0J80/CxWebClient/ViewerMain.aspx?scanid=138&projectid=73&pathid=135","新的"
"Incorrect Block Delimitation","","/android-adbm-0.8.3/src/eu/chainfire/libsuperuser/Shell.java","255","4","1","if","/android-adbm-0.8.3/src/eu/chainfire/libsuperuser/Shell.java","255","4","1","if","等待确认","信息","","","http://WIN-UA70U9I0J80/CxWebClient/ViewerMain.aspx?scanid=138&projectid=73&pathid=136","新的"
"Incorrect Block Delimitation","","/android-adbm-0.8.3/src/eu/chainfire/libsuperuser/Shell.java","294","4","1","if","/android-adbm-0.8.3/src/eu/chainfire/libsuperuser/Shell.java","294","4","1","if","等待确认","信息","","","http://WIN-UA70U9I0J80/CxWebClient/ViewerMain.aspx?scanid=138&projectid=73&pathid=137","新的"
"Incorrect Block Delimitation","","/android-adbm-0.8.3/src/eu/chainfire/libsuperuser/Shell.java","298","6","1","if","/android-adbm-0.8.3/src/eu/chainfire/libsuperuser/Shell.java","298","6","1","if","等待确认","信息","","","http://WIN-UA70U9I0J80/CxWebClient/ViewerMain.aspx?scanid=138&projectid=73&pathid=138","新的"
"Incorrect Block Delimitation","","/android-adbm-0.8.3/src/eu/chainfire/libsuperuser/Shell.java","301","7","1","if","/android-adbm-0.8.3/src/eu/chainfire/libsuperuser/Shell.java","301","7","1","if","等待确认","信息","","","http://WIN-UA70U9I0J80/CxWebClient/ViewerMain.aspx?scanid=138&projectid=73&pathid=139","新的"
"Incorrect Block Delimitation","","/android-adbm-0.8.3/src/eu/chainfire/libsuperuser/Shell.java","708","4","1","if","/android-adbm-0.8.3/src/eu/chainfire/libsuperuser/Shell.java","708","4","1","if","等待确认","信息","","","http://WIN-UA70U9I0J80/CxWebClient/ViewerMain.aspx?scanid=138&projectid=73&pathid=140","新的"
"Incorrect Block Delimitation","","/android-adbm-0.8.3/src/eu/chainfire/libsuperuser/Shell.java","730","8","1","if","/android-adbm-0.8.3/src/eu/chainfire/libsuperuser/Shell.java","730","8","1","if","等待确认","信息","","","http://WIN-UA70U9I0J80/CxWebClient/ViewerMain.aspx?scanid=138&projectid=73&pathid=141","新的"
"Incorrect Block Delimitation","","/android-adbm-0.8.3/src/eu/chainfire/libsuperuser/Shell.java","854","4","1","if","/android-adbm-0.8.3/src/eu/chainfire/libsuperuser/Shell.java","854","4","1","if","等待确认","信息","","","http://WIN-UA70U9I0J80/CxWebClient/ViewerMain.aspx?scanid=138&projectid=73&pathid=142","新的"
"Incorrect Block Delimitation","","/android-adbm-0.8.3/src/eu/chainfire/libsuperuser/Shell.java","897","8","1","if","/android-adbm-0.8.3/src/eu/chainfire/libsuperuser/Shell.java","897","8","1","if","等待确认","信息","","","http://WIN-UA70U9I0J80/CxWebClient/ViewerMain.aspx?scanid=138&projectid=73&pathid=143","新的"
"Incorrect Block Delimitation","","/android-adbm-0.8.3/src/eu/chainfire/libsuperuser/Shell.java","929","5","1","if","/android-adbm-0.8.3/src/eu/chainfire/libsuperuser/Shell.java","929","5","1","if","等待确认","信息","","","http://WIN-UA70U9I0J80/CxWebClient/ViewerMain.aspx?scanid=138&projectid=73&pathid=144","新的"
"Incorrect Block Delimitation","","/android-adbm-0.8.3/src/eu/chainfire/libsuperuser/Shell.java","941","4","1","if","/android-adbm-0.8.3/src/eu/chainfire/libsuperuser/Shell.java","941","4","1","if","等待确认","信息","","","http://WIN-UA70U9I0J80/CxWebClient/ViewerMain.aspx?scanid=138&projectid=73&pathid=145","新的"
"Incorrect Block Delimitation","","/android-adbm-0.8.3/src/eu/chainfire/libsuperuser/Shell.java","967","4","1","if","/android-adbm-0.8.3/src/eu/chainfire/libsuperuser/Shell.java","967","4","1","if","等待确认","信息","","","http://WIN-UA70U9I0J80/CxWebClient/ViewerMain.aspx?scanid=138&projectid=73&pathid=146","新的"
"Incorrect Block Delimitation","","/android-adbm-0.8.3/src/eu/chainfire/libsuperuser/StreamGobbler.java","92","5","1","if","/android-adbm-0.8.3/src/eu/chainfire/libsuperuser/StreamGobbler.java","92","5","1","if","等待确认","信息","","","http://WIN-UA70U9I0J80/CxWebClient/ViewerMain.aspx?scanid=138&projectid=73&pathid=147","新的"
"Unchecked Error Condition","","/android-adbm-0.8.3/src/com/matoski/adbm/activity/MainActivity.java","156","5","1","catch","/android-adbm-0.8.3/src/com/matoski/adbm/activity/MainActivity.java","156","5","1","catch","等待确认","信息","","","http://WIN-UA70U9I0J80/CxWebClient/ViewerMain.aspx?scanid=138&projectid=73&pathid=98","新的"
"Unchecked Error Condition","","/android-adbm-0.8.3/src/com/matoski/adbm/service/ManagerService.java","379","5","1","catch","/android-adbm-0.8.3/src/com/matoski/adbm/service/ManagerService.java","379","5","1","catch","等待确认","信息","","","http://WIN-UA70U9I0J80/CxWebClient/ViewerMain.aspx?scanid=138&projectid=73&pathid=99","新的"
"Unchecked Error Condition","","/android-adbm-0.8.3/src/eu/chainfire/libsuperuser/Application.java","76","5","1","catch","/android-adbm-0.8.3/src/eu/chainfire/libsuperuser/Application.java","76","5","1","catch","等待确认","信息","","","http://WIN-UA70U9I0J80/CxWebClient/ViewerMain.aspx?scanid=138&projectid=73&pathid=100","新的"
"Unchecked Error Condition","","/android-adbm-0.8.3/src/eu/chainfire/libsuperuser/Shell.java","149","6","1","catch","/android-adbm-0.8.3/src/eu/chainfire/libsuperuser/Shell.java","149","6","1","catch","等待确认","信息","","","http://WIN-UA70U9I0J80/CxWebClient/ViewerMain.aspx?scanid=138&projectid=73&pathid=101","新的"
"Unchecked Error Condition","","/android-adbm-0.8.3/src/eu/chainfire/libsuperuser/Shell.java","302","8","1","catch","/android-adbm-0.8.3/src/eu/chainfire/libsuperuser/Shell.java","302","8","1","catch","等待确认","信息","","","http://WIN-UA70U9I0J80/CxWebClient/ViewerMain.aspx?scanid=138&projectid=73&pathid=102","新的"
"Unchecked Error Condition","","/android-adbm-0.8.3/src/eu/chainfire/libsuperuser/Shell.java","736","8","1","catch","/android-adbm-0.8.3/src/eu/chainfire/libsuperuser/Shell.java","736","8","1","catch","等待确认","信息","","","http://WIN-UA70U9I0J80/CxWebClient/ViewerMain.aspx?scanid=138&projectid=73&pathid=103","新的"
"Unchecked Error Condition","","/android-adbm-0.8.3/src/eu/chainfire/libsuperuser/Shell.java","956","7","1","catch","/android-adbm-0.8.3/src/eu/chainfire/libsuperuser/Shell.java","956","7","1","catch","等待确认","信息","","","http://WIN-UA70U9I0J80/CxWebClient/ViewerMain.aspx?scanid=138&projectid=73&pathid=104","新的"
"Unchecked Error Condition","","/android-adbm-0.8.3/src/eu/chainfire/libsuperuser/Shell.java","961","6","1","catch","/android-adbm-0.8.3/src/eu/chainfire/libsuperuser/Shell.java","961","6","1","catch","等待确认","信息","","","http://WIN-UA70U9I0J80/CxWebClient/ViewerMain.aspx?scanid=138&projectid=73&pathid=105","新的"
"Unchecked Error Condition","","/android-adbm-0.8.3/src/eu/chainfire/libsuperuser/Shell.java","963","6","1","catch","/android-adbm-0.8.3/src/eu/chainfire/libsuperuser/Shell.java","963","6","1","catch","等待确认","信息","","","http://WIN-UA70U9I0J80/CxWebClient/ViewerMain.aspx?scanid=138&projectid=73&pathid=106","新的"
"Unchecked Error Condition","","/android-adbm-0.8.3/src/eu/chainfire/libsuperuser/Shell.java","980","6","1","catch","/android-adbm-0.8.3/src/eu/chainfire/libsuperuser/Shell.java","980","6","1","catch","等待确认","信息","","","http://WIN-UA70U9I0J80/CxWebClient/ViewerMain.aspx?scanid=138&projectid=73&pathid=107","新的"
"Unchecked Error Condition","","/android-adbm-0.8.3/src/eu/chainfire/libsuperuser/Shell.java","880","10","1","catch","/android-adbm-0.8.3/src/eu/chainfire/libsuperuser/Shell.java","880","10","1","catch","等待确认","信息","","","http://WIN-UA70U9I0J80/CxWebClient/ViewerMain.aspx?scanid=138&projectid=73&pathid=108","新的"
"Unchecked Error Condition","","/android-adbm-0.8.3/src/eu/chainfire/libsuperuser/StreamGobbler.java","96","5","1","catch","/android-adbm-0.8.3/src/eu/chainfire/libsuperuser/StreamGobbler.java","96","5","1","catch","等待确认","信息","","","http://WIN-UA70U9I0J80/CxWebClient/ViewerMain.aspx?scanid=138&projectid=73&pathid=109","新的"
"Unchecked Error Condition","","/android-adbm-0.8.3/src/eu/chainfire/libsuperuser/StreamGobbler.java","102","5","1","catch","/android-adbm-0.8.3/src/eu/chainfire/libsuperuser/StreamGobbler.java","102","5","1","catch","等待确认","信息","","","http://WIN-UA70U9I0J80/CxWebClient/ViewerMain.aspx?scanid=138&projectid=73&pathid=110","新的"
"Detection of Error Condition Without Action","","/android-adbm-0.8.3/src/com/matoski/adbm/activity/MainActivity.java","156","5","1","catch","/android-adbm-0.8.3/src/com/matoski/adbm/activity/MainActivity.java","156","5","1","catch","等待确认","信息","","","http://WIN-UA70U9I0J80/CxWebClient/ViewerMain.aspx?scanid=138&projectid=73&pathid=111","新的"
"Detection of Error Condition Without Action","","/android-adbm-0.8.3/src/com/matoski/adbm/service/ManagerService.java","379","5","1","catch","/android-adbm-0.8.3/src/com/matoski/adbm/service/ManagerService.java","379","5","1","catch","等待确认","信息","","","http://WIN-UA70U9I0J80/CxWebClient/ViewerMain.aspx?scanid=138&projectid=73&pathid=112","新的"
"Detection of Error Condition Without Action","","/android-adbm-0.8.3/src/eu/chainfire/libsuperuser/Application.java","76","5","1","catch","/android-adbm-0.8.3/src/eu/chainfire/libsuperuser/Application.java","76","5","1","catch","等待确认","信息","","","http://WIN-UA70U9I0J80/CxWebClient/ViewerMain.aspx?scanid=138&projectid=73&pathid=113","新的"
"Detection of Error Condition Without Action","","/android-adbm-0.8.3/src/eu/chainfire/libsuperuser/Shell.java","149","6","1","catch","/android-adbm-0.8.3/src/eu/chainfire/libsuperuser/Shell.java","149","6","1","catch","等待确认","信息","","","http://WIN-UA70U9I0J80/CxWebClient/ViewerMain.aspx?scanid=138&projectid=73&pathid=114","新的"
"Detection of Error Condition Without Action","","/android-adbm-0.8.3/src/eu/chainfire/libsuperuser/Shell.java","302","8","1","catch","/android-adbm-0.8.3/src/eu/chainfire/libsuperuser/Shell.java","302","8","1","catch","等待确认","信息","","","http://WIN-UA70U9I0J80/CxWebClient/ViewerMain.aspx?scanid=138&projectid=73&pathid=115","新的"
"Detection of Error Condition Without Action","","/android-adbm-0.8.3/src/eu/chainfire/libsuperuser/Shell.java","736","8","1","catch","/android-adbm-0.8.3/src/eu/chainfire/libsuperuser/Shell.java","736","8","1","catch","等待确认","信息","","","http://WIN-UA70U9I0J80/CxWebClient/ViewerMain.aspx?scanid=138&projectid=73&pathid=116","新的"
"Detection of Error Condition Without Action","","/android-adbm-0.8.3/src/eu/chainfire/libsuperuser/Shell.java","956","7","1","catch","/android-adbm-0.8.3/src/eu/chainfire/libsuperuser/Shell.java","956","7","1","catch","等待确认","信息","","","http://WIN-UA70U9I0J80/CxWebClient/ViewerMain.aspx?scanid=138&projectid=73&pathid=117","新的"
"Detection of Error Condition Without Action","","/android-adbm-0.8.3/src/eu/chainfire/libsuperuser/Shell.java","961","6","1","catch","/android-adbm-0.8.3/src/eu/chainfire/libsuperuser/Shell.java","961","6","1","catch","等待确认","信息","","","http://WIN-UA70U9I0J80/CxWebClient/ViewerMain.aspx?scanid=138&projectid=73&pathid=118","新的"
"Detection of Error Condition Without Action","","/android-adbm-0.8.3/src/eu/chainfire/libsuperuser/Shell.java","963","6","1","catch","/android-adbm-0.8.3/src/eu/chainfire/libsuperuser/Shell.java","963","6","1","catch","等待确认","信息","","","http://WIN-UA70U9I0J80/CxWebClient/ViewerMain.aspx?scanid=138&projectid=73&pathid=119","新的"
"Detection of Error Condition Without Action","","/android-adbm-0.8.3/src/eu/chainfire/libsuperuser/Shell.java","980","6","1","catch","/android-adbm-0.8.3/src/eu/chainfire/libsuperuser/Shell.java","980","6","1","catch","等待确认","信息","","","http://WIN-UA70U9I0J80/CxWebClient/ViewerMain.aspx?scanid=138&projectid=73&pathid=120","新的"
"Detection of Error Condition Without Action","","/android-adbm-0.8.3/src/eu/chainfire/libsuperuser/Shell.java","880","10","1","catch","/android-adbm-0.8.3/src/eu/chainfire/libsuperuser/Shell.java","880","10","1","catch","等待确认","信息","","","http://WIN-UA70U9I0J80/CxWebClient/ViewerMain.aspx?scanid=138&projectid=73&pathid=121","新的"
"Detection of Error Condition Without Action","","/android-adbm-0.8.3/src/eu/chainfire/libsuperuser/StreamGobbler.java","96","5","1","catch","/android-adbm-0.8.3/src/eu/chainfire/libsuperuser/StreamGobbler.java","96","5","1","catch","等待确认","信息","","","http://WIN-UA70U9I0J80/CxWebClient/ViewerMain.aspx?scanid=138&projectid=73&pathid=122","新的"
"Detection of Error Condition Without Action","","/android-adbm-0.8.3/src/eu/chainfire/libsuperuser/StreamGobbler.java","102","5","1","catch","/android-adbm-0.8.3/src/eu/chainfire/libsuperuser/StreamGobbler.java","102","5","1","catch","等待确认","信息","","","http://WIN-UA70U9I0J80/CxWebClient/ViewerMain.aspx?scanid=138&projectid=73&pathid=123","新的"
"Uncontrolled Recursion","","/android-adbm-0.8.3/src/com/matoski/adbm/util/PreferenceUtil.java","30","23","1","getString","/android-adbm-0.8.3/src/com/matoski/adbm/util/PreferenceUtil.java","31","34","2","getString","等待确认","信息","","","http://WIN-UA70U9I0J80/CxWebClient/ViewerMain.aspx?scanid=138&projectid=73&pathid=77","新的"
"Uncontrolled Recursion","","/android-adbm-0.8.3/src/com/matoski/adbm/util/PreferenceUtil.java","34","23","1","getString","/android-adbm-0.8.3/src/com/matoski/adbm/util/PreferenceUtil.java","35","34","2","getString","等待确认","信息","","","http://WIN-UA70U9I0J80/CxWebClient/ViewerMain.aspx?scanid=138&projectid=73&pathid=78","新的"
"Uncontrolled Recursion","","/android-adbm-0.8.3/src/com/matoski/adbm/util/PreferenceUtil.java","38","23","1","getString","/android-adbm-0.8.3/src/com/matoski/adbm/util/PreferenceUtil.java","39","34","2","getString","等待确认","信息","","","http://WIN-UA70U9I0J80/CxWebClient/ViewerMain.aspx?scanid=138&projectid=73&pathid=79","新的"
"Uncontrolled Recursion","","/android-adbm-0.8.3/src/eu/chainfire/libsuperuser/Shell.java","450","18","1","addCommand","/android-adbm-0.8.3/src/eu/chainfire/libsuperuser/Shell.java","450","123","2","addCommand","等待确认","信息","","","http://WIN-UA70U9I0J80/CxWebClient/ViewerMain.aspx?scanid=138&projectid=73&pathid=80","新的"
"Uncontrolled Recursion","","/android-adbm-0.8.3/src/eu/chainfire/libsuperuser/Shell.java","470","18","1","addCommand","/android-adbm-0.8.3/src/eu/chainfire/libsuperuser/Shell.java","470","130","2","addCommand","等待确认","信息","","","http://WIN-UA70U9I0J80/CxWebClient/ViewerMain.aspx?scanid=138&projectid=73&pathid=81","新的"
"Uncontrolled Recursion","","/android-adbm-0.8.3/src/eu/chainfire/libsuperuser/Shell.java","649","15","1","addCommand","/android-adbm-0.8.3/src/eu/chainfire/libsuperuser/Shell.java","649","113","2","addCommand","等待确认","信息","","","http://WIN-UA70U9I0J80/CxWebClient/ViewerMain.aspx?scanid=138&projectid=73&pathid=82","新的"
"Uncontrolled Recursion","","/android-adbm-0.8.3/src/eu/chainfire/libsuperuser/Shell.java","667","15","1","addCommand","/android-adbm-0.8.3/src/eu/chainfire/libsuperuser/Shell.java","667","120","2","addCommand","等待确认","信息","","","http://WIN-UA70U9I0J80/CxWebClient/ViewerMain.aspx?scanid=138&projectid=73&pathid=83","新的"
"Uncontrolled Recursion","","/android-adbm-0.8.3/src/eu/chainfire/libsuperuser/Shell.java","704","16","1","runNextCommand","/android-adbm-0.8.3/src/eu/chainfire/libsuperuser/Shell.java","739","20","2","runNextCommand","等待确认","信息","","","http://WIN-UA70U9I0J80/CxWebClient/ViewerMain.aspx?scanid=138&projectid=73&pathid=84","新的"
"General Android Find Request Permissions","","/android-adbm-0.8.3/AndroidManifest.xml","14","341","1","""""android.permission.ACCESS_SUPERUSER""""","/android-adbm-0.8.3/AndroidManifest.xml","14","341","1","""""android.permission.ACCESS_SUPERUSER""""","等待确认","信息","","","http://WIN-UA70U9I0J80/CxWebClient/ViewerMain.aspx?scanid=138&projectid=73&pathid=5","新的"
"General Android Find Request Permissions","","/android-adbm-0.8.3/AndroidManifest.xml","17","341","1","""""android.permission.RECEIVE_BOOT_COMPLETED""""","/android-adbm-0.8.3/AndroidManifest.xml","17","341","1","""""android.permission.RECEIVE_BOOT_COMPLETED""""","等待确认","信息","","","http://WIN-UA70U9I0J80/CxWebClient/ViewerMain.aspx?scanid=138&projectid=73&pathid=6","新的"
"General Android Find Request Permissions","","/android-adbm-0.8.3/AndroidManifest.xml","20","341","1","""""android.permission.INTERNET""""","/android-adbm-0.8.3/AndroidManifest.xml","20","341","1","""""android.permission.INTERNET""""","等待确认","信息","","","http://WIN-UA70U9I0J80/CxWebClient/ViewerMain.aspx?scanid=138&projectid=73&pathid=7","新的"
"General Android Find Request Permissions","","/android-adbm-0.8.3/AndroidManifest.xml","23","341","1","""""android.permission.ACCESS_NETWORK_STATE""""","/android-adbm-0.8.3/AndroidManifest.xml","23","341","1","""""android.permission.ACCESS_NETWORK_STATE""""","等待确认","信息","","","http://WIN-UA70U9I0J80/CxWebClient/ViewerMain.aspx?scanid=138&projectid=73&pathid=8","新的"
"General Android Find Request Permissions","","/android-adbm-0.8.3/AndroidManifest.xml","24","341","1","""""android.permission.ACCESS_WIFI_STATE""""","/android-adbm-0.8.3/AndroidManifest.xml","24","341","1","""""android.permission.ACCESS_WIFI_STATE""""","等待确认","信息","","","http://WIN-UA70U9I0J80/CxWebClient/ViewerMain.aspx?scanid=138&projectid=73&pathid=9","新的"
"ESAPI Banned API","","/android-adbm-0.8.3/src/com/matoski/adbm/util/RootCommandUtil.java","26","39","1","exec","/android-adbm-0.8.3/src/com/matoski/adbm/util/RootCommandUtil.java","26","39","1","exec","等待确认","信息","","","http://WIN-UA70U9I0J80/CxWebClient/ViewerMain.aspx?scanid=138&projectid=73&pathid=85","新的"
"ESAPI Banned API","","/android-adbm-0.8.3/src/eu/chainfire/libsuperuser/Shell.java","124","47","1","exec","/android-adbm-0.8.3/src/eu/chainfire/libsuperuser/Shell.java","124","47","1","exec","等待确认","信息","","","http://WIN-UA70U9I0J80/CxWebClient/ViewerMain.aspx?scanid=138&projectid=73&pathid=86","新的"
"ESAPI Banned API","","/android-adbm-0.8.3/src/eu/chainfire/libsuperuser/Shell.java","859","41","1","exec","/android-adbm-0.8.3/src/eu/chainfire/libsuperuser/Shell.java","859","41","1","exec","等待确认","信息","","","http://WIN-UA70U9I0J80/CxWebClient/ViewerMain.aspx?scanid=138&projectid=73&pathid=87","新的"
"ESAPI Banned API","","/android-adbm-0.8.3/src/eu/chainfire/libsuperuser/Shell.java","870","50","1","exec","/android-adbm-0.8.3/src/eu/chainfire/libsuperuser/Shell.java","870","50","1","exec","等待确认","信息","","","http://WIN-UA70U9I0J80/CxWebClient/ViewerMain.aspx?scanid=138&projectid=73&pathid=88","新的"
"ESAPI Banned API","","/android-adbm-0.8.3/src/eu/chainfire/libsuperuser/StreamGobbler.java","91","34","1","readLine","/android-adbm-0.8.3/src/eu/chainfire/libsuperuser/StreamGobbler.java","91","34","1","readLine","等待确认","信息","","","http://WIN-UA70U9I0J80/CxWebClient/ViewerMain.aspx?scanid=138&projectid=73&pathid=89","新的"
"Missing Default Case In Switch Statement","","/android-adbm-0.8.3/src/com/matoski/adbm/activity/MainActivity.java","266","3","1","switch","/android-adbm-0.8.3/src/com/matoski/adbm/activity/MainActivity.java","266","3","1","switch","等待确认","信息","","","http://WIN-UA70U9I0J80/CxWebClient/ViewerMain.aspx?scanid=138&projectid=73&pathid=124","新的"
"Missing Default Case In Switch Statement","","/android-adbm-0.8.3/src/com/matoski/adbm/activity/MainActivity.java","283","3","1","switch","/android-adbm-0.8.3/src/com/matoski/adbm/activity/MainActivity.java","283","3","1","switch","等待确认","信息","","","http://WIN-UA70U9I0J80/CxWebClient/ViewerMain.aspx?scanid=138&projectid=73&pathid=125","新的"
"Missing Default Case In Switch Statement","","/android-adbm-0.8.3/src/com/matoski/adbm/service/ManagerService.java","158","4","1","switch","/android-adbm-0.8.3/src/com/matoski/adbm/service/ManagerService.java","158","4","1","switch","等待确认","信息","","","http://WIN-UA70U9I0J80/CxWebClient/ViewerMain.aspx?scanid=138&projectid=73&pathid=126","新的"
"Missing Default Case In Switch Statement","","/android-adbm-0.8.3/src/com/matoski/adbm/util/NetworkUtil.java","36","6","1","switch","/android-adbm-0.8.3/src/com/matoski/adbm/util/NetworkUtil.java","36","6","1","switch","等待确认","信息","","","http://WIN-UA70U9I0J80/CxWebClient/ViewerMain.aspx?scanid=138&projectid=73&pathid=127","新的"
"Declaration Of Catch For Generic Exception","","/android-adbm-0.8.3/src/com/matoski/adbm/activity/MainActivity.java","156","5","1","catch","/android-adbm-0.8.3/src/com/matoski/adbm/activity/MainActivity.java","156","5","1","catch","等待确认","信息","","","http://WIN-UA70U9I0J80/CxWebClient/ViewerMain.aspx?scanid=138&projectid=73&pathid=129","新的"
"Declaration Of Catch For Generic Exception","","/android-adbm-0.8.3/src/com/matoski/adbm/activity/MainActivity.java","236","6","1","catch","/android-adbm-0.8.3/src/com/matoski/adbm/activity/MainActivity.java","236","6","1","catch","等待确认","信息","","","http://WIN-UA70U9I0J80/CxWebClient/ViewerMain.aspx?scanid=138&projectid=73&pathid=130","新的"
"Declaration Of Catch For Generic Exception","","/android-adbm-0.8.3/src/com/matoski/adbm/util/RootCommandUtil.java","44","6","1","catch","/android-adbm-0.8.3/src/com/matoski/adbm/util/RootCommandUtil.java","44","6","1","catch","等待确认","信息","","","http://WIN-UA70U9I0J80/CxWebClient/ViewerMain.aspx?scanid=138&projectid=73&pathid=131","新的"
"Declaration Of Catch For Generic Exception","","/android-adbm-0.8.3/src/eu/chainfire/libsuperuser/Shell.java","880","10","1","catch","/android-adbm-0.8.3/src/eu/chainfire/libsuperuser/Shell.java","880","10","1","catch","等待确认","信息","","","http://WIN-UA70U9I0J80/CxWebClient/ViewerMain.aspx?scanid=138&projectid=73&pathid=132","新的"
"Dead Code","","/android-adbm-0.8.3/src/eu/chainfire/libsuperuser/Shell.java","686","17","1","","/android-adbm-0.8.3/src/eu/chainfire/libsuperuser/Shell.java","686","17","1","","等待确认","信息","","","http://WIN-UA70U9I0J80/CxWebClient/ViewerMain.aspx?scanid=138&projectid=73&pathid=10","新的"
"Dead Code","","/android-adbm-0.8.3/src/eu/chainfire/libsuperuser/Shell.java","1027","21","1","","/android-adbm-0.8.3/src/eu/chainfire/libsuperuser/Shell.java","1027","21","1","","等待确认","信息","","","http://WIN-UA70U9I0J80/CxWebClient/ViewerMain.aspx?scanid=138&projectid=73&pathid=11","新的"
"Dead Code","","","0","0","1","","","0","0","1","","等待确认","信息","","","http://WIN-UA70U9I0J80/CxWebClient/ViewerMain.aspx?scanid=138&projectid=73&pathid=12","新的"
"Expression is Always False","","/android-adbm-0.8.3/src/eu/chainfire/libsuperuser/Shell.java","583","38","1","false","/android-adbm-0.8.3/src/eu/chainfire/libsuperuser/Shell.java","686","8","3","running","等待确认","信息","","","http://WIN-UA70U9I0J80/CxWebClient/ViewerMain.aspx?scanid=138&projectid=73&pathid=14","新的"
"Expression is Always False","","/android-adbm-0.8.3/src/eu/chainfire/libsuperuser/Shell.java","979","12","1","false","/android-adbm-0.8.3/src/eu/chainfire/libsuperuser/Shell.java","1027","17","2","isRunning","等待确认","信息","","","http://WIN-UA70U9I0J80/CxWebClient/ViewerMain.aspx?scanid=138&projectid=73&pathid=15","新的"
"Expression is Always False","","/android-adbm-0.8.3/src/eu/chainfire/libsuperuser/StreamGobbler.java","93","16","1","!=","/android-adbm-0.8.3/src/eu/chainfire/libsuperuser/StreamGobbler.java","93","16","1","!=","等待确认","信息","","","http://WIN-UA70U9I0J80/CxWebClient/ViewerMain.aspx?scanid=138&projectid=73&pathid=16","新的"
"Unclosed Objects","","/android-adbm-0.8.3/src/eu/chainfire/libsuperuser/Shell.java","148","16","1","close","/android-adbm-0.8.3/src/eu/chainfire/libsuperuser/Shell.java","148","16","1","close","等待确认","信息","","","http://WIN-UA70U9I0J80/CxWebClient/ViewerMain.aspx?scanid=138&projectid=73&pathid=148","新的"
"Unclosed Objects","","/android-adbm-0.8.3/src/eu/chainfire/libsuperuser/Shell.java","955","17","1","close","/android-adbm-0.8.3/src/eu/chainfire/libsuperuser/Shell.java","955","17","1","close","等待确认","信息","","","http://WIN-UA70U9I0J80/CxWebClient/ViewerMain.aspx?scanid=138&projectid=73&pathid=149","新的"
"Unclosed Objects","","/android-adbm-0.8.3/src/eu/chainfire/libsuperuser/StreamGobbler.java","101","16","1","close","/android-adbm-0.8.3/src/eu/chainfire/libsuperuser/StreamGobbler.java","101","16","1","close","等待确认","信息","","","http://WIN-UA70U9I0J80/CxWebClient/ViewerMain.aspx?scanid=138&projectid=73&pathid=150","新的"
"Use of Obsolete Functions","","/android-adbm-0.8.3/src/eu/chainfire/libsuperuser/Shell.java","108","40","1","getenv","/android-adbm-0.8.3/src/eu/chainfire/libsuperuser/Shell.java","108","40","1","getenv","等待确认","信息","","","http://WIN-UA70U9I0J80/CxWebClient/ViewerMain.aspx?scanid=138&projectid=73&pathid=73","新的"
"Use of Obsolete Functions","","/android-adbm-0.8.3/src/eu/chainfire/libsuperuser/Shell.java","862","41","1","getenv","/android-adbm-0.8.3/src/eu/chainfire/libsuperuser/Shell.java","862","41","1","getenv","等待确认","信息","","","http://WIN-UA70U9I0J80/CxWebClient/ViewerMain.aspx?scanid=138&projectid=73&pathid=74","新的"
"Input Not Normalized","","/android-adbm-0.8.3/src/eu/chainfire/libsuperuser/StreamGobbler.java","91","34","1","readLine","/android-adbm-0.8.3/src/eu/chainfire/libsuperuser/Debug.java","34","65","8","startsWith","等待确认","信息","","","http://WIN-UA70U9I0J80/CxWebClient/ViewerMain.aspx?scanid=138&projectid=73&pathid=96","新的"
"Input Not Normalized","","/android-adbm-0.8.3/src/eu/chainfire/libsuperuser/StreamGobbler.java","91","34","1","readLine","/android-adbm-0.8.3/src/eu/chainfire/libsuperuser/Debug.java","34","93","7","startsWith","等待确认","信息","","","http://WIN-UA70U9I0J80/CxWebClient/ViewerMain.aspx?scanid=138&projectid=73&pathid=97","新的"
"Exposure of Resource to Wrong Sphere","","/android-adbm-0.8.3/src/com/matoski/adbm/pojo/IP.java","5","2","1","ipv4","/android-adbm-0.8.3/src/com/matoski/adbm/pojo/IP.java","5","2","1","ipv4","等待确认","信息","","","http://WIN-UA70U9I0J80/CxWebClient/ViewerMain.aspx?scanid=138&projectid=73&pathid=151","新的"
"Exposure of Resource to Wrong Sphere","","/android-adbm-0.8.3/src/com/matoski/adbm/pojo/IP.java","5","2","1","ipv6","/android-adbm-0.8.3/src/com/matoski/adbm/pojo/IP.java","5","2","1","ipv6","等待确认","信息","","","http://WIN-UA70U9I0J80/CxWebClient/ViewerMain.aspx?scanid=138&projectid=73&pathid=152","新的"
"Declaration of Throws for Generic Exception","","/android-adbm-0.8.3/src/eu/chainfire/libsuperuser/Shell.java","624","29","1","","/android-adbm-0.8.3/src/eu/chainfire/libsuperuser/Shell.java","624","29","1","","等待确认","信息","","","http://WIN-UA70U9I0J80/CxWebClient/ViewerMain.aspx?scanid=138&projectid=73&pathid=13","新的"
"Expression is Always True","","/android-adbm-0.8.3/src/eu/chainfire/libsuperuser/Shell.java","841","19","1","==","/android-adbm-0.8.3/src/eu/chainfire/libsuperuser/Shell.java","841","19","1","==","等待确认","信息","","","http://WIN-UA70U9I0J80/CxWebClient/ViewerMain.aspx?scanid=138&projectid=73&pathid=17","新的"
"Omitted Break Statement In Switch","","/android-adbm-0.8.3/src/com/matoski/adbm/service/ManagerService.java","158","4","1","case","/android-adbm-0.8.3/src/com/matoski/adbm/service/ManagerService.java","158","4","1","case","等待确认","信息","","","http://WIN-UA70U9I0J80/CxWebClient/ViewerMain.aspx?scanid=138&projectid=73&pathid=128","新的"
